ds,trend,yhat_lower,yhat_upper,trend_lower,trend_upper,Dew Point,Dew Point_lower,Dew Point_upper,Humidity,Humidity_lower,Humidity_upper,Precip,Precip_lower,Precip_upper,Pressure,Pressure_lower,Pressure_upper,Temperature,Temperature_lower,Temperature_upper,Wind Gust,Wind Gust_lower,Wind Gust_upper,Wind Speed,Wind Speed_lower,Wind Speed_upper,additive_terms,additive_terms_lower,additive_terms_upper,daily,daily_lower,daily_upper,extra_regressors_additive,extra_regressors_additive_lower,extra_regressors_additive_upper,weekly,weekly_lower,weekly_upper,yearly,yearly_lower,yearly_upper,multiplicative_terms,multiplicative_terms_lower,multiplicative_terms_upper,yhat
2022-12-12,1251.7541905553528,-106.28905315579694,1425.256116871571,1251.7541905553528,1251.7541905553528,10.030053732970435,10.030053732970435,10.030053732970435,-37.06672213210714,-37.06672213210714,-37.06672213210714,-6.794856720101156,-6.794856720101156,-6.794856720101156,-7.357864530697992,-7.357864530697992,-7.357864530697992,-193.2314336618592,-193.2314336618592,-193.2314336618592,14.475583242960758,14.475583242960758,14.475583242960758,-24.10626603328367,-24.10626603328367,-24.10626603328367,-596.3639184826028,-596.3639184826028,-596.3639184826028,3.0743763090868015e-10,3.0743763090868015e-10,3.0743763090868015e-10,-244.05150610211797,-244.05150610211797,-244.05150610211797,-10.79921277652008,-10.79921277652008,-10.79921277652008,-341.5131996042723,-341.5131996042723,-341.5131996042723,0.0,0.0,0.0,655.39027207275
2022-12-13,1251.6987731618924,-96.66956516202536,1423.799911356483,1251.6987731618924,1251.6987731618924,13.608640561333766,13.608640561333766,13.608640561333766,-43.78407520442898,-43.78407520442898,-43.78407520442898,1.6384649898539632,1.6384649898539632,1.6384649898539632,4.689400361778681,4.689400361778681,4.689400361778681,-221.74444731709755,-221.74444731709755,-221.74444731709755,-3.1167885182440553,-3.1167885182440553,-3.1167885182440553,6.546577725713679,6.546577725713679,6.546577725713679,-580.2339058434881,-580.2339058434881,-580.2339058434881,-3.496703963416318e-09,-3.496703963416318e-09,-3.496703963416318e-09,-242.16222740109052,-242.16222740109052,-242.16222740109052,-0.048202986189442486,-0.048202986189442486,-0.048202986189442486,-338.02347545271135,-338.02347545271135,-338.02347545271135,0.0,0.0,0.0,671.4648673184043
2022-12-14,1251.643355768432,-51.051649117647706,1467.078455517384,1251.643355768432,1251.643355768432,34.3644441658411,34.3644441658411,34.3644441658411,-40.75576029477569,-40.75576029477569,-40.75576029477569,1.6384649898539632,1.6384649898539632,1.6384649898539632,17.24315687135648,17.24315687135648,17.24315687135648,-241.09256372600933,-241.09256372600933,-241.09256372600933,-13.040690537385233,-13.040690537385233,-13.040690537385233,31.266613015227673,31.266613015227673,31.266613015227673,-540.732342142892,-540.732342142892,-540.732342142892,1.9844795436559557e-09,1.9844795436559557e-09,1.9844795436559557e-09,-210.37633551589104,-210.37633551589104,-210.37633551589104,3.9991111779328707,3.9991111779328707,3.9991111779328707,-334.35511780691826,-334.35511780691826,-334.35511780691826,0.0,0.0,0.0,710.91101362554
2022-12-15,1251.5879383749718,-40.07324410558132,1481.6434963096997,1251.5879383749718,1251.5879383749718,41.04447291211931,41.04447291211931,41.04447291211931,-33.32262369835398,-33.32262369835398,-33.32262369835398,1.6384649898539632,1.6384649898539632,1.6384649898539632,17.098444980756188,17.098444980756188,17.098444980756188,-231.58822584092988,-231.58822584092988,-231.58822584092988,-13.040690537385233,-13.040690537385233,-13.040690537385233,29.78341089785683,29.78341089785683,29.78341089785683,-530.0587159647819,-530.0587159647819,-530.0587159647819,2.4768098683125572e-09,2.4768098683125572e-09,2.4768098683125572e-09,-188.3867462960828,-188.3867462960828,-188.3867462960828,-11.074728886865785,-11.074728886865785,-11.074728886865785,-330.59724078431015,-330.59724078431015,-330.59724078431015,0.0,0.0,0.0,721.52922241019
2022-12-16,1251.5325209815117,19.996159982227073,1543.4773511985213,1251.5325209815117,1251.5325209815117,59.41455196438443,59.41455196438443,59.41455196438443,-20.989122975402392,-20.989122975402392,-20.989122975402392,1.6384649898539632,1.6384649898539632,1.6384649898539632,16.628131336305124,16.628131336305124,16.628131336305124,-212.9189907095238,-212.9189907095238,-212.9189907095238,-13.040690537385233,-13.040690537385233,-13.040690537385233,27.31140736890543,27.31140736890543,27.31140736890543,-466.17730679222564,-466.17730679222564,-466.17730679222564,-4.132601816309034e-09,-4.132601816309034e-09,-4.132601816309034e-09,-141.95624856286247,-141.95624856286247,-141.95624856286247,2.612913992563005,2.612913992563005,2.612913992563005,-326.8339722177934,-326.8339722177934,-326.8339722177934,0.0,0.0,0.0,785.355214189286
2022-12-17,1251.4771035880515,105.01558655385845,1635.9165780759552,1251.4771035880515,1251.4771035880515,118.58052085999152,118.58052085999152,118.58052085999152,0.3192019343398573,0.3192019343398573,0.3192019343398573,1.6384649898539632,1.6384649898539632,1.6384649898539632,12.178240700345285,12.178240700345285,12.178240700345285,-217.3317190133107,-217.3317190133107,-217.3317190133107,-13.040690537385233,-13.040690537385233,-13.040690537385233,32.749815132598506,32.749815132598506,32.749815132598506,-381.7041978948428,-381.7041978948428,-381.7041978948428,-1.5039821240255455e-10,-1.5039821240255455e-10,-1.5039821240255455e-10,-64.90616593356678,-64.90616593356678,-64.90616593356678,6.344581231664505,6.344581231664505,6.344581231664505,-323.1426131927902,-323.1426131927902,-323.1426131927902,0.0,0.0,0.0,869.7729056932085
2022-12-18,1251.421686194591,63.26152831302483,1597.7450569453003,1251.421686194591,1251.421686194591,65.85600825543843,65.85600825543843,65.85600825543843,-9.426466047635278,-9.426466047635278,-9.426466047635278,1.6384649898539632,1.6384649898539632,1.6384649898539632,4.906468197679131,4.906468197679131,4.906468197679131,-192.21311174560068,-192.21311174560068,-192.21311174560068,-13.040690537385233,-13.040690537385233,-13.040690537385233,32.749815132598506,32.749815132598506,32.749815132598506,-420.15596859139197,-420.15596859139197,-420.15596859139197,2.0029536547857183e-09,2.0029536547857183e-09,2.0029536547857183e-09,-109.52951175505116,-109.52951175505116,-109.52951175505116,8.965538247413473,8.965538247413473,8.965538247413473,-319.5919950857572,-319.5919950857572,-319.5919950857572,0.0,0.0,0.0,831.265717603199
2022-12-19,1251.3662688011307,21.14567222403025,1556.1195344048217,1251.3662688011307,1251.3662688011307,36.51159626285909,36.51159626285909,36.51159626285909,-27.486234963385815,-27.486234963385815,-27.486234963385815,1.6384649898539632,1.6384649898539632,1.6384649898539632,23.248700331269745,23.248700331269745,23.248700331269745,-204.77241537945568,-204.77241537945568,-204.77241537945568,-13.040690537385233,-13.040690537385233,-13.040690537385233,39.177024307872145,39.177024307872145,39.177024307872145,-471.7638417195025,-471.7638417195025,-471.7638417195025,-1.9999314796829517e-09,-1.9999314796829517e-09,-1.9999314796829517e-09,-144.72355498837177,-144.72355498837177,-144.72355498837177,-10.799212776517429,-10.799212776517429,-10.799212776517429,-316.2410739526134,-316.2410739526134,-316.2410739526134,0.0,0.0,0.0,779.6024270816282
2022-12-20,1251.3108514076703,58.2292797852065,1589.2237402108965,1251.3108514076703,1251.3108514076703,41.760190277791985,41.760190277791985,41.760190277791985,-21.429605144079233,-21.429605144079233,-21.429605144079233,1.6384649898539632,1.6384649898539632,1.6384649898539632,24.91288707317346,24.91288707317346,24.91288707317346,-191.53423046809505,-191.53423046809505,-191.53423046809505,-13.040690537385233,-13.040690537385233,-13.040690537385233,34.23301724996935,34.23301724996935,34.23301724996935,-436.645965371112,-436.645965371112,-436.645965371112,-2.429961417268108e-09,-2.429961417268108e-09,-2.429961417268108e-09,-123.45996655877072,-123.45996655877072,-123.45996655877072,-0.04820298619293206,-0.04820298619293206,-0.04820298619293206,-313.13779582371836,-313.13779582371836,-313.13779582371836,0.0,0.0,0.0,814.6648860365584
2022-12-21,1251.25543401421,66.34461747507753,1591.5641956165819,1251.25543401421,1251.25543401421,43.19162500913731,43.19162500913731,43.19162500913731,-21.870087312756073,-21.870087312756073,-21.870087312756073,1.6384649898539632,1.6384649898539632,1.6384649898539632,14.6745208132008,14.6745208132008,14.6745208132008,-193.91031493936487,-193.91031493936487,-193.91031493936487,-13.040690537385233,-13.040690537385233,-13.040690537385233,47.08743560051662,47.08743560051662,47.08743560051662,-428.5481944969062,-428.5481944969062,-428.5481944969062,1.9845363870748165e-09,1.9845363870748165e-09,1.9845363870748165e-09,-122.22904637679748,-122.22904637679748,-122.22904637679748,3.9991111779267072,3.9991111779267072,3.9991111779267072,-310.31825930002,-310.31825930002,-310.31825930002,0.0,0.0,0.0,822.707239517304
2022-12-22,1251.2000166207497,49.97501497554726,1566.646145911692,1251.2000166207497,1251.2000166207497,39.13589327032553,39.13589327032553,39.13589327032553,-20.823942162148576,-20.823942162148576,-20.823942162148576,1.6384649898539632,1.6384649898539632,1.6384649898539632,13.7338935242987,13.7338935242987,13.7338935242987,-184.40597705428544,-184.40597705428544,-184.40597705428544,-13.040690537385233,-13.040690537385233,-13.040690537385233,24.34500313416375,24.34500313416375,24.34500313416375,-458.29827772456014,-458.29827772456014,-458.29827772456014,3.7204017644398846e-10,3.7204017644398846e-10,3.7204017644398846e-10,-139.41735483517726,-139.41735483517726,-139.41735483517726,-11.074728886868433,-11.074728886868433,-11.074728886868433,-307.80619400288634,-307.80619400288634,-307.80619400288634,0.0,0.0,0.0,792.9017388961897
2022-12-23,1251.1445992272895,77.42311482240099,1586.737728837139,1251.1445992272895,1251.1445992272895,34.12587171061687,34.12587171061687,34.12587171061687,-18.07092860791831,-18.07092860791831,-18.07092860791831,1.6384649898539632,1.6384649898539632,1.6384649898539632,16.664309308955183,16.664309308955183,16.664309308955183,-168.1128263941492,-168.1128263941492,-168.1128263941492,-13.040690537385233,-13.040690537385233,-13.040690537385233,30.27781160364711,30.27781160364711,30.27781160364711,-419.5178390549534,-419.5178390549534,-419.5178390549534,-3.907596616651669e-09,-3.907596616651669e-09,-3.907596616651669e-09,-116.5179879263796,-116.5179879263796,-116.5179879263796,2.6129139925711264,2.6129139925711264,2.6129139925711264,-305.6127651172374,-305.6127651172374,-305.6127651172374,0.0,0.0,0.0,831.6267601723362
2022-12-24,1251.0891818338293,104.7407749215392,1615.2244894583066,1251.0891818338293,1251.0891818338293,36.27302380763487,36.27302380763487,36.27302380763487,-14.657191800672784,-14.657191800672784,-14.657191800672784,1.6384649898539632,1.6384649898539632,1.6384649898539632,24.949065045823478,24.949065045823478,24.949065045823478,-154.87464148278852,-154.87464148278852,-154.87464148278852,-13.040690537385233,-13.040690537385233,-13.040690537385233,26.81700666311515,26.81700666311515,26.81700666311515,-390.2870877857459,-390.2870877857459,-390.2870877857459,2.404959786872496e-09,2.404959786872496e-09,2.404959786872496e-09,-92.89496331441906,-92.89496331441906,-92.89496331441906,6.344581231662673,6.344581231662673,6.344581231662673,-303.73670570539434,-303.73670570539434,-303.73670570539434,0.0,0.0,0.0,860.8020940480833
2022-12-25,1251.0337644403692,144.68930249988884,1671.8731492796578,1251.0337644403692,1251.0337644403692,34.84158907628954,34.84158907628954,34.84158907628954,-8.105019541604753,-8.105019541604753,-8.105019541604753,1.6384649898539632,1.6384649898539632,1.6384649898539632,22.742208714168672,22.742208714168672,22.742208714168672,-128.05883102131432,-128.05883102131432,-128.05883102131432,-13.040690537385233,-13.040690537385233,-13.040690537385233,41.64902783682354,41.64902783682354,41.64902783682354,-341.532482119452,-341.532482119452,-341.532482119452,2.391118414379889e-09,2.391118414379889e-09,2.391118414379889e-09,-48.3332504831686,-48.3332504831686,-48.3332504831686,8.965538247416974,8.965538247416974,8.965538247416974,-302.1647698860916,-302.1647698860916,-302.1647698860916,0.0,0.0,0.0,909.5012823209171
2022-12-26,1250.9783470469088,93.62080136065492,1628.6709232159635,1250.9783470469088,1250.9783470469088,22.435821404629987,22.435821404629987,22.435821404629987,-13.99646854765752,-13.99646854765752,-13.99646854765752,1.6384649898539632,1.6384649898539632,1.6384649898539632,17.026089035456028,17.026089035456028,17.026089035456028,-133.48988124135974,-133.48988124135974,-133.48988124135974,-13.040690537385233,-13.040690537385233,-13.040690537385233,40.66022642524299,40.66022642524299,40.66022642524299,-390.4381428502217,-390.4381428502217,-390.4381428502217,-4.149275885841537e-09,-4.149275885841537e-09,-4.149275885841537e-09,-78.76643847121952,-78.76643847121952,-78.76643847121952,-10.799212776519068,-10.799212776519068,-10.799212776519068,-300.87249159833385,-300.87249159833385,-300.87249159833385,0.0,0.0,0.0,860.5402041966871
2022-12-27,1250.9229296534484,93.00169079629529,1619.807678684011,1250.9229296534484,1250.9229296534484,14.324357927006433,14.324357927006433,14.324357927006433,-14.987553427180416,-14.987553427180416,-14.987553427180416,1.6384649898539632,1.6384649898539632,1.6384649898539632,5.5938496780307085,5.5938496780307085,5.5938496780307085,-124.32498399503312,-124.32498399503312,-124.32498399503312,-13.040690537385233,-13.040690537385233,-13.040690537385233,32.749815132598506,32.749815132598506,32.749815132598506,-397.92016894480776,-397.92016894480776,-397.92016894480776,4.8970605348586105e-11,4.8970605348586105e-11,4.8970605348586105e-11,-98.04674023210914,-98.04674023210914,-98.04674023210914,-0.048202986186817766,-0.048202986186817766,-0.048202986186817766,-299.8252257265608,-299.8252257265608,-299.8252257265608,0.0,0.0,0.0,853.0027607086405
2022-12-28,1250.867512259988,-125.97607663676422,1373.2868178272013,1250.8675121456838,1250.867512259988,-45.55732833427333,-45.55732833427333,-45.55732833427333,-57.82444433100333,-57.82444433100333,-57.82444433100333,-48.96146526987675,-48.96146526987675,-48.96146526987675,-3.9933130742405214,-3.9933130742405214,-3.9933130742405214,-165.39730128412648,-165.39730128412648,-165.39730128412648,-13.040690537385233,-13.040690537385233,-13.040690537385233,-2.8470356843016376,-2.8470356843016376,-2.8470356843016376,-632.6019083985436,-632.6019083985436,-632.6019083985436,2.2876065486343578e-09,2.2876065486343578e-09,2.2876065486343578e-09,-337.6215785152073,-337.6215785152073,-337.6215785152073,3.9991111779210757,3.9991111779210757,3.9991111779210757,-298.97944106354515,-298.97944106354515,-298.97944106354515,0.0,0.0,0.0,618.2656038614443
2022-12-29,1250.8120948665278,-67.48743171659815,1459.1771804744224,1250.8101955766522,1250.8120948665278,-38.877299587995104,-38.877299587995104,-38.877299587995104,-53.69492399965794,-53.69492399965794,-53.69492399965794,1.6384649898539632,1.6384649898539632,1.6384649898539632,3.567883209626228,3.567883209626228,3.567883209626228,-167.77338575539636,-167.77338575539636,-167.77338575539636,-13.040690537385233,-13.040690537385233,-13.040690537385233,19.895396782051233,19.895396782051233,19.895396782051233,-557.6435119111079,-557.6435119111079,-557.6435119111079,-6.735850395974315e-10,-6.735850395974315e-10,-6.735850395974315e-10,-248.28455489890317,-248.28455489890317,-248.28455489890317,-11.074728886861523,-11.074728886861523,-11.074728886861523,-298.28422812466965,-298.28422812466965,-298.28422812466965,0.0,0.0,0.0,693.1685829554199
2022-12-30,1250.7566774730674,-55.30855430309223,1460.1238977742653,1250.7509877513694,1250.7566774730674,-62.73454511041732,-62.73454511041732,-62.73454511041732,-64.10131523464834,-64.10131523464834,-64.10131523464834,1.6384649898539632,1.6384649898539632,1.6384649898539632,11.201435438793085,11.201435438793085,11.201435438793085,-157.92960723156406,-157.92960723156406,-157.92960723156406,-13.040690537385233,-13.040690537385233,-13.040690537385233,30.77221230943739,30.77221230943739,30.77221230943739,-549.2641107582872,-549.2641107582872,-549.2641107582872,-1.7917898276209598e-09,-1.7917898276209598e-09,-1.7917898276209598e-09,-254.1940453759305,-254.1940453759305,-254.1940453759305,2.612913992570508,2.612913992570508,2.612913992570508,-297.6829793731353,-297.6829793731353,-297.6829793731353,0.0,0.0,0.0,701.4925667147803
2022-12-31,1250.7012600796072,-48.151954050585395,1471.0262354533095,1250.6873942781015,1250.7012600796072,-53.9073642671211,-53.9073642671211,-53.9073642671211,-53.69492399965794,-53.69492399965794,-53.69492399965794,1.6384649898539632,1.6384649898539632,1.6384649898539632,6.7877227754833065,6.7877227754833065,6.7877227754833065,-146.38862551396758,-146.38862551396758,-146.38862551396758,-13.040690537385233,-13.040690537385233,-13.040690537385233,13.468187606777597,13.468187606777597,13.468187606777597,-535.9078428266273,-535.9078428266273,-535.9078428266273,1.9845363870748165e-09,1.9845363870748165e-09,1.9845363870748165e-09,-245.13722894601696,-245.13722894601696,-245.13722894601696,6.344581231661524,6.344581231661524,6.344581231661524,-297.1151951142564,-297.1151951142564,-297.1151951142564,0.0,0.0,0.0,714.7934172529799
