y,Temperature,Dew Point,Humidity,Wind Speed,Wind Gust,Pressure,Precip,ds
1.94,57.0,32.0,39.0,13.0,0.0,28.57,0.0,2022-12-12 00:00:00
1.96,59.0,31.0,35.0,10.0,0.0,28.56,0.0,2022-12-12 01:00:00
1.97,57.0,33.0,40.0,8.0,0.0,28.55,0.0,2022-12-12 02:00:00
2.03,52.0,46.0,80.0,21.0,33.0,28.58,0.0,2022-12-12 03:00:00
2.05,48.0,44.0,86.0,16.0,0.0,28.61,0.0,2022-12-12 04:00:00
2.06,47.0,43.0,86.0,14.0,0.0,28.6,0.0,2022-12-12 05:00:00
2.07,46.0,41.0,83.0,6.0,0.0,28.59,0.1,2022-12-12 06:00:00
5.55,47.0,42.0,83.0,5.0,0.0,28.61,0.0,2022-12-12 07:00:00
97.08,47.0,43.0,86.0,6.0,0.0,28.63,0.0,2022-12-12 08:00:00
1650.18,47.0,42.0,83.0,10.0,0.0,28.65,0.0,2022-12-12 09:00:00
2461.55,50.0,42.0,74.0,7.0,0.0,28.67,0.0,2022-12-12 10:00:00
1606.55,52.0,41.0,66.0,3.0,0.0,28.68,0.0,2022-12-12 11:00:00
1991.71,52.0,40.0,63.0,3.0,0.0,28.67,0.0,2022-12-12 12:00:00
3531.36,56.0,40.0,55.0,9.0,0.0,28.65,0.0,2022-12-12 13:00:00
3771.54,56.0,36.0,47.0,9.0,0.0,28.63,0.0,2022-12-12 14:00:00
2257.05,55.0,34.0,45.0,6.0,0.0,28.63,0.0,2022-12-12 15:00:00
804.25,56.0,34.0,44.0,3.0,0.0,28.63,0.0,2022-12-12 16:00:00
186.91,55.0,32.0,42.0,5.0,0.0,28.63,0.0,2022-12-12 17:00:00
1.77,54.0,32.0,43.0,8.0,0.0,28.63,0.0,2022-12-12 18:00:00
1.81,54.0,33.0,45.0,7.0,0.0,28.64,0.0,2022-12-12 19:00:00
1.71,51.0,34.0,52.0,16.0,28.0,28.66,0.0,2022-12-12 20:00:00
1.73,49.0,36.0,61.0,16.0,0.0,28.67,0.0,2022-12-12 21:00:00
1.8,48.0,37.0,66.0,0.0,0.0,28.67,0.0,2022-12-12 22:00:00
1.82,48.0,38.0,68.0,3.0,0.0,28.68,0.0,2022-12-12 23:00:00
1.94,47.0,40.0,77.0,5.0,0.0,28.68,0.0,2022-12-13 00:00:00
1.59,47.0,40.0,77.0,3.0,0.0,28.69,0.0,2022-12-13 01:00:00
1.98,47.0,40.0,77.0,6.0,0.0,28.7,0.0,2022-12-13 02:00:00
2.08,47.0,39.0,74.0,3.0,0.0,28.7,0.0,2022-12-13 03:00:00
2.04,47.0,39.0,74.0,0.0,0.0,28.71,0.0,2022-12-13 04:00:00
1.92,47.0,39.0,74.0,6.0,0.0,28.71,0.0,2022-12-13 05:00:00
2.24,46.0,39.0,76.0,7.0,0.0,28.72,0.0,2022-12-13 06:00:00
9.92,46.0,40.0,79.0,0.0,0.0,28.74,0.0,2022-12-13 07:00:00
352.59,45.0,38.0,76.0,6.0,0.0,28.75,0.0,2022-12-13 08:00:00
1123.59,47.0,39.0,74.0,3.0,0.0,28.77,0.0,2022-12-13 09:00:00
2356.2,48.0,38.0,68.0,0.0,0.0,28.8,0.0,2022-12-13 10:00:00
1227.28,50.0,38.0,63.0,6.0,0.0,28.81,0.0,2022-12-13 11:00:00
1397.8,50.0,37.0,61.0,7.0,0.0,28.8,0.0,2022-12-13 12:00:00
2912.21,52.0,35.0,53.0,8.0,0.0,28.78,0.0,2022-12-13 13:00:00
3256.99,52.0,34.0,50.0,7.0,0.0,28.76,0.0,2022-12-13 14:00:00
2355.44,53.0,34.0,48.0,9.0,22.0,28.76,0.0,2022-12-13 15:00:00
1085.26,53.0,33.0,47.0,10.0,0.0,28.77,0.0,2022-12-13 16:00:00
254.05,54.0,34.0,47.0,12.0,0.0,28.78,0.0,2022-12-13 17:00:00
1.84,51.0,34.0,52.0,10.0,0.0,28.79,0.0,2022-12-13 18:00:00
1.83,51.0,33.0,50.0,8.0,0.0,28.81,0.0,2022-12-13 19:00:00
1.83,46.0,37.0,71.0,10.0,0.0,28.83,0.0,2022-12-13 20:00:00
1.95,45.0,37.0,74.0,6.0,0.0,28.84,0.0,2022-12-13 21:00:00
2.1,44.0,37.0,76.0,5.0,0.0,28.86,0.0,2022-12-13 22:00:00
1.85,44.0,37.0,76.0,5.0,0.0,28.86,0.0,2022-12-13 23:00:00
1.91,43.0,37.0,80.0,3.0,0.0,28.87,0.0,2022-12-14 00:00:00
1.97,42.0,36.0,79.0,0.0,0.0,28.86,0.0,2022-12-14 01:00:00
1.96,41.0,36.0,82.0,6.0,0.0,28.86,0.0,2022-12-14 02:00:00
2.2,40.0,36.0,86.0,0.0,0.0,28.88,0.0,2022-12-14 03:00:00
2.26,41.0,34.0,76.0,6.0,0.0,28.9,0.0,2022-12-14 04:00:00
1.98,39.0,34.0,82.0,6.0,0.0,28.91,0.0,2022-12-14 05:00:00
2.03,38.0,34.0,86.0,6.0,0.0,28.91,0.0,2022-12-14 06:00:00
10.62,38.0,34.0,86.0,6.0,0.0,28.93,0.0,2022-12-14 07:00:00
350.54,39.0,34.0,82.0,3.0,0.0,28.94,0.0,2022-12-14 08:00:00
1860.34,42.0,32.0,67.0,9.0,0.0,28.95,0.0,2022-12-14 09:00:00
3124.07,46.0,34.0,63.0,7.0,0.0,28.97,0.0,2022-12-14 10:00:00
3830.82,49.0,35.0,59.0,6.0,0.0,28.97,0.0,2022-12-14 11:00:00
4408.7,50.0,35.0,57.0,0.0,0.0,28.95,0.0,2022-12-14 12:00:00
4378.44,51.0,33.0,50.0,0.0,0.0,28.92,0.0,2022-12-14 13:00:00
3882.78,52.0,32.0,47.0,5.0,0.0,28.9,0.0,2022-12-14 14:00:00
2859.21,54.0,31.0,41.0,0.0,0.0,28.89,0.0,2022-12-14 15:00:00
1138.54,54.0,29.0,38.0,6.0,0.0,28.89,0.0,2022-12-14 16:00:00
290.07,54.0,28.0,37.0,6.0,0.0,28.89,0.0,2022-12-14 17:00:00
6.22,51.0,31.0,46.0,3.0,0.0,28.89,0.0,2022-12-14 18:00:00
1.78,49.0,33.0,54.0,3.0,0.0,28.9,0.0,2022-12-14 19:00:00
1.81,49.0,33.0,54.0,3.0,0.0,28.91,0.0,2022-12-14 20:00:00
1.74,48.0,34.0,58.0,0.0,0.0,28.92,0.0,2022-12-14 21:00:00
1.55,47.0,34.0,61.0,0.0,0.0,28.94,0.0,2022-12-14 22:00:00
1.84,45.0,35.0,68.0,8.0,0.0,28.94,0.0,2022-12-14 23:00:00
1.89,43.0,35.0,74.0,7.0,0.0,28.95,0.0,2022-12-15 00:00:00
1.87,43.0,33.0,68.0,8.0,0.0,28.93,0.0,2022-12-15 01:00:00
1.92,42.0,33.0,70.0,5.0,0.0,28.93,0.0,2022-12-15 02:00:00
2.06,42.0,34.0,73.0,8.0,0.0,28.94,0.0,2022-12-15 03:00:00
2.25,40.0,33.0,77.0,6.0,0.0,28.93,0.0,2022-12-15 04:00:00
2.17,40.0,33.0,77.0,6.0,0.0,28.92,0.0,2022-12-15 05:00:00
2.29,40.0,32.0,73.0,3.0,0.0,28.92,0.0,2022-12-15 06:00:00
11.02,40.0,32.0,73.0,0.0,0.0,28.92,0.0,2022-12-15 07:00:00
323.59,40.0,32.0,73.0,6.0,0.0,28.93,0.0,2022-12-15 08:00:00
1670.96,42.0,32.0,67.0,3.0,0.0,28.94,0.0,2022-12-15 09:00:00
2877.63,45.0,31.0,58.0,7.0,0.0,28.96,0.0,2022-12-15 10:00:00
3584.96,48.0,32.0,54.0,6.0,0.0,28.96,0.0,2022-12-15 11:00:00
4268.22,50.0,33.0,52.0,0.0,0.0,28.93,0.0,2022-12-15 12:00:00
4196.96,52.0,32.0,47.0,0.0,0.0,28.9,0.0,2022-12-15 13:00:00
3711.73,54.0,31.0,41.0,5.0,0.0,28.88,0.0,2022-12-15 14:00:00
2700.18,56.0,30.0,37.0,0.0,0.0,28.86,0.0,2022-12-15 15:00:00
1086.12,56.0,29.0,36.0,6.0,0.0,28.85,0.0,2022-12-15 16:00:00
273.89,56.0,29.0,36.0,3.0,0.0,28.85,0.0,2022-12-15 17:00:00
15.53,53.0,31.0,43.0,5.0,0.0,28.86,0.0,2022-12-15 18:00:00
1.77,52.0,34.0,50.0,3.0,0.0,28.89,0.0,2022-12-15 19:00:00
1.82,52.0,32.0,47.0,0.0,0.0,28.89,0.0,2022-12-15 20:00:00
1.78,50.0,33.0,52.0,3.0,0.0,28.89,0.0,2022-12-15 21:00:00
1.81,47.0,35.0,63.0,0.0,0.0,28.9,0.0,2022-12-15 22:00:00
1.84,47.0,35.0,63.0,5.0,0.0,28.92,0.0,2022-12-15 23:00:00
1.86,45.0,35.0,68.0,6.0,0.0,28.92,0.0,2022-12-16 00:00:00
1.93,45.0,35.0,68.0,5.0,0.0,28.92,0.0,2022-12-16 01:00:00
1.95,45.0,34.0,65.0,3.0,0.0,28.9,0.0,2022-12-16 02:00:00
2.24,44.0,34.0,68.0,3.0,0.0,28.9,0.0,2022-12-16 03:00:00
2.29,44.0,34.0,68.0,0.0,0.0,28.9,0.0,2022-12-16 04:00:00
2.02,42.0,34.0,73.0,0.0,0.0,28.9,0.0,2022-12-16 05:00:00
2.05,42.0,34.0,73.0,0.0,0.0,28.91,0.0,2022-12-16 06:00:00
7.02,42.0,34.0,73.0,3.0,0.0,28.92,0.0,2022-12-16 07:00:00
209.95,42.0,34.0,73.0,3.0,0.0,28.93,0.0,2022-12-16 08:00:00
1755.21,44.0,35.0,71.0,0.0,0.0,28.95,0.0,2022-12-16 09:00:00
2496.34,51.0,32.0,48.0,0.0,0.0,28.96,0.0,2022-12-16 10:00:00
3196.53,55.0,26.0,33.0,10.0,0.0,28.96,0.0,2022-12-16 11:00:00
2794.82,56.0,24.0,29.0,7.0,0.0,28.93,0.0,2022-12-16 12:00:00
3631.36,55.0,28.0,35.0,8.0,0.0,28.91,0.0,2022-12-16 13:00:00
3113.84,57.0,26.0,30.0,8.0,0.0,28.89,0.0,2022-12-16 14:00:00
2499.78,57.0,23.0,27.0,6.0,0.0,28.87,0.0,2022-12-16 15:00:00
937.39,58.0,22.0,25.0,3.0,0.0,28.86,0.0,2022-12-16 16:00:00
199.47,58.0,24.0,27.0,5.0,0.0,28.85,0.0,2022-12-16 17:00:00
2.77,54.0,25.0,33.0,5.0,0.0,28.86,0.0,2022-12-16 18:00:00
2.67,51.0,27.0,39.0,3.0,0.0,28.87,0.0,2022-12-16 19:00:00
2.69,53.0,25.0,34.0,3.0,0.0,28.88,0.0,2022-12-16 20:00:00
2.73,50.0,28.0,43.0,3.0,0.0,28.9,0.0,2022-12-16 21:00:00
2.26,48.0,25.0,41.0,8.0,0.0,28.91,0.0,2022-12-16 22:00:00
2.72,47.0,21.0,36.0,8.0,0.0,28.92,0.0,2022-12-16 23:00:00
2.03,48.0,16.0,28.0,7.0,0.0,28.93,0.0,2022-12-17 00:00:00
1.9,45.0,18.0,34.0,0.0,0.0,28.93,0.0,2022-12-17 01:00:00
1.97,44.0,19.0,37.0,0.0,0.0,28.93,0.0,2022-12-17 02:00:00
2.26,39.0,25.0,57.0,5.0,0.0,28.92,0.0,2022-12-17 03:00:00
2.22,39.0,24.0,55.0,0.0,0.0,28.91,0.0,2022-12-17 04:00:00
2.03,42.0,21.0,43.0,5.0,0.0,28.9,0.0,2022-12-17 05:00:00
1.99,39.0,21.0,49.0,0.0,0.0,28.9,0.0,2022-12-17 06:00:00
9.72,41.0,19.0,41.0,0.0,0.0,28.91,0.0,2022-12-17 07:00:00
328.46,39.0,23.0,53.0,0.0,0.0,28.92,0.0,2022-12-17 08:00:00
1813.8,43.0,22.0,43.0,0.0,0.0,28.93,0.0,2022-12-17 09:00:00
3162.23,50.0,15.0,25.0,3.0,0.0,28.93,0.0,2022-12-17 10:00:00
3745.75,51.0,15.0,24.0,6.0,0.0,28.92,0.0,2022-12-17 11:00:00
3939.52,54.0,15.0,22.0,7.0,0.0,28.89,0.0,2022-12-17 12:00:00
3718.94,56.0,14.0,19.0,6.0,0.0,28.85,0.0,2022-12-17 13:00:00
3226.02,57.0,13.0,18.0,3.0,0.0,28.81,0.0,2022-12-17 14:00:00
2107.57,59.0,13.0,16.0,6.0,0.0,28.78,0.0,2022-12-17 15:00:00
610.34,61.0,14.0,16.0,5.0,0.0,28.77,0.0,2022-12-17 16:00:00
32.17,59.0,18.0,20.0,7.0,0.0,28.77,0.0,2022-12-17 17:00:00
2.82,57.0,16.0,20.0,7.0,0.0,28.77,0.0,2022-12-17 18:00:00
2.83,55.0,17.0,23.0,7.0,0.0,28.77,0.0,2022-12-17 19:00:00
2.74,52.0,20.0,28.0,0.0,0.0,28.77,0.0,2022-12-17 20:00:00
2.14,48.0,24.0,39.0,6.0,0.0,28.76,0.0,2022-12-17 21:00:00
2.0,46.0,26.0,46.0,6.0,0.0,28.76,0.0,2022-12-17 22:00:00
2.03,48.0,23.0,37.0,3.0,0.0,28.76,0.0,2022-12-17 23:00:00
1.99,50.0,23.0,35.0,5.0,0.0,28.75,0.0,2022-12-18 00:00:00
2.01,49.0,23.0,36.0,5.0,0.0,28.74,0.0,2022-12-18 01:00:00
2.02,47.0,26.0,44.0,3.0,0.0,28.75,0.0,2022-12-18 02:00:00
2.01,49.0,21.0,33.0,3.0,0.0,28.74,0.0,2022-12-18 03:00:00
2.07,47.0,25.0,42.0,3.0,0.0,28.74,0.0,2022-12-18 04:00:00
1.99,47.0,24.0,41.0,0.0,0.0,28.74,0.0,2022-12-18 05:00:00
2.07,47.0,29.0,50.0,3.0,0.0,28.73,0.0,2022-12-18 06:00:00
5.32,48.0,28.0,46.0,5.0,0.0,28.74,0.0,2022-12-18 07:00:00
268.63,48.0,29.0,48.0,3.0,0.0,28.75,0.0,2022-12-18 08:00:00
697.11,49.0,30.0,48.0,8.0,0.0,28.77,0.0,2022-12-18 09:00:00
1711.87,49.0,30.0,48.0,0.0,0.0,28.79,0.0,2022-12-18 10:00:00
1952.61,52.0,29.0,41.0,6.0,0.0,28.79,0.0,2022-12-18 11:00:00
2592.94,57.0,30.0,36.0,8.0,0.0,28.77,0.0,2022-12-18 12:00:00
2057.16,60.0,27.0,28.0,3.0,0.0,28.75,0.0,2022-12-18 13:00:00
2464.92,60.0,26.0,27.0,5.0,0.0,28.74,0.0,2022-12-18 14:00:00
1772.81,58.0,29.0,33.0,8.0,0.0,28.75,0.0,2022-12-18 15:00:00
633.81,59.0,29.0,32.0,0.0,0.0,28.75,0.0,2022-12-18 16:00:00
73.65,60.0,30.0,32.0,5.0,0.0,28.76,0.0,2022-12-18 17:00:00
2.97,57.0,29.0,34.0,5.0,0.0,28.78,0.0,2022-12-18 18:00:00
2.99,54.0,31.0,41.0,5.0,0.0,28.8,0.0,2022-12-18 19:00:00
2.99,52.0,31.0,45.0,6.0,0.0,28.81,0.0,2022-12-18 20:00:00
2.18,51.0,31.0,46.0,0.0,0.0,28.83,0.0,2022-12-18 21:00:00
2.08,49.0,31.0,50.0,0.0,0.0,28.85,0.0,2022-12-18 22:00:00
2.08,47.0,31.0,54.0,0.0,0.0,28.86,0.0,2022-12-18 23:00:00
2.07,47.0,32.0,56.0,0.0,0.0,28.87,0.0,2022-12-19 00:00:00
2.15,45.0,33.0,63.0,6.0,0.0,28.87,0.0,2022-12-19 01:00:00
2.16,44.0,34.0,68.0,6.0,0.0,28.89,0.0,2022-12-19 02:00:00
2.24,42.0,34.0,73.0,0.0,0.0,28.92,0.0,2022-12-19 03:00:00
2.22,41.0,34.0,76.0,0.0,0.0,28.93,0.0,2022-12-19 04:00:00
2.25,41.0,34.0,76.0,6.0,0.0,28.93,0.0,2022-12-19 05:00:00
2.72,41.0,33.0,73.0,5.0,0.0,28.94,0.0,2022-12-19 06:00:00
8.89,40.0,33.0,77.0,0.0,0.0,28.97,0.0,2022-12-19 07:00:00
285.77,43.0,32.0,65.0,5.0,0.0,28.99,0.0,2022-12-19 08:00:00
1581.16,46.0,34.0,63.0,6.0,0.0,29.0,0.0,2022-12-19 09:00:00
2853.95,49.0,35.0,59.0,3.0,0.0,29.04,0.0,2022-12-19 10:00:00
3417.0,53.0,34.0,48.0,5.0,0.0,29.04,0.0,2022-12-19 11:00:00
3599.54,57.0,35.0,44.0,6.0,0.0,29.02,0.0,2022-12-19 12:00:00
3439.92,58.0,34.0,41.0,0.0,0.0,28.99,0.0,2022-12-19 13:00:00
2954.23,60.0,33.0,36.0,0.0,0.0,28.99,0.0,2022-12-19 14:00:00
2043.71,61.0,32.0,34.0,3.0,0.0,28.99,0.0,2022-12-19 15:00:00
618.81,63.0,32.0,31.0,5.0,0.0,28.99,0.0,2022-12-19 16:00:00
44.84,62.0,31.0,31.0,5.0,0.0,28.99,0.0,2022-12-19 17:00:00
2.67,60.0,30.0,32.0,7.0,0.0,29.0,0.0,2022-12-19 18:00:00
2.61,54.0,34.0,47.0,5.0,0.0,29.01,0.0,2022-12-19 19:00:00
2.45,54.0,32.0,43.0,0.0,0.0,29.03,0.0,2022-12-19 20:00:00
2.37,51.0,32.0,48.0,0.0,0.0,29.04,0.0,2022-12-19 21:00:00
1.89,49.0,34.0,56.0,3.0,0.0,29.05,0.0,2022-12-19 22:00:00
2.61,48.0,34.0,58.0,0.0,0.0,29.06,0.0,2022-12-19 23:00:00
2.49,46.0,35.0,66.0,3.0,0.0,29.06,0.0,2022-12-20 00:00:00
2.8,46.0,35.0,66.0,5.0,0.0,29.05,0.0,2022-12-20 01:00:00
2.58,45.0,35.0,68.0,6.0,0.0,29.06,0.0,2022-12-20 02:00:00
2.25,45.0,35.0,68.0,5.0,0.0,29.06,0.0,2022-12-20 03:00:00
2.29,45.0,34.0,65.0,7.0,0.0,29.05,0.0,2022-12-20 04:00:00
2.35,44.0,34.0,68.0,5.0,0.0,29.04,0.0,2022-12-20 05:00:00
2.38,44.0,34.0,68.0,3.0,0.0,29.05,0.0,2022-12-20 06:00:00
7.05,44.0,33.0,65.0,3.0,0.0,29.05,0.0,2022-12-20 07:00:00
295.53,44.0,31.0,60.0,3.0,0.0,29.05,0.0,2022-12-20 08:00:00
1148.7,47.0,33.0,59.0,0.0,0.0,29.06,0.0,2022-12-20 09:00:00
1796.74,50.0,31.0,48.0,3.0,0.0,29.07,0.0,2022-12-20 10:00:00
2428.17,53.0,31.0,43.0,3.0,0.0,29.06,0.0,2022-12-20 11:00:00
2395.19,57.0,31.0,37.0,0.0,0.0,29.03,0.0,2022-12-20 12:00:00
2688.0,58.0,31.0,36.0,3.0,0.0,29.0,0.0,2022-12-20 13:00:00
2466.14,61.0,30.0,31.0,0.0,0.0,28.97,0.0,2022-12-20 14:00:00
1635.04,62.0,30.0,30.0,3.0,0.0,28.95,0.0,2022-12-20 15:00:00
932.55,63.0,29.0,28.0,0.0,0.0,28.94,0.0,2022-12-20 16:00:00
190.19,63.0,30.0,29.0,5.0,0.0,28.92,0.0,2022-12-20 17:00:00
2.07,61.0,30.0,31.0,5.0,0.0,28.91,0.0,2022-12-20 18:00:00
1.84,60.0,30.0,32.0,7.0,0.0,28.92,0.0,2022-12-20 19:00:00
1.81,54.0,33.0,45.0,3.0,0.0,28.92,0.0,2022-12-20 20:00:00
1.85,52.0,33.0,49.0,5.0,0.0,28.93,0.0,2022-12-20 21:00:00
1.85,55.0,31.0,40.0,6.0,0.0,28.93,0.0,2022-12-20 22:00:00
1.84,49.0,34.0,56.0,3.0,0.0,28.93,0.0,2022-12-20 23:00:00
1.87,47.0,33.0,59.0,3.0,0.0,28.92,0.0,2022-12-21 00:00:00
1.91,47.0,34.0,61.0,7.0,0.0,28.91,0.0,2022-12-21 01:00:00
2.12,44.0,34.0,68.0,3.0,0.0,28.91,0.0,2022-12-21 02:00:00
2.07,44.0,34.0,68.0,0.0,0.0,28.91,0.0,2022-12-21 03:00:00
2.17,43.0,33.0,68.0,3.0,0.0,28.9,0.0,2022-12-21 04:00:00
2.08,43.0,31.0,62.0,0.0,0.0,28.9,0.0,2022-12-21 05:00:00
2.05,42.0,33.0,70.0,3.0,0.0,28.91,0.0,2022-12-21 06:00:00
7.35,41.0,33.0,73.0,3.0,0.0,28.93,0.0,2022-12-21 07:00:00
256.16,42.0,33.0,70.0,0.0,0.0,28.92,0.0,2022-12-21 08:00:00
1547.2,46.0,34.0,63.0,3.0,0.0,28.95,0.0,2022-12-21 09:00:00
2709.94,50.0,32.0,50.0,6.0,0.0,28.94,0.0,2022-12-21 10:00:00
3272.01,54.0,32.0,43.0,0.0,0.0,28.94,0.0,2022-12-21 11:00:00
3951.78,58.0,30.0,35.0,0.0,0.0,28.91,0.0,2022-12-21 12:00:00
4099.99,59.0,30.0,33.0,0.0,0.0,28.87,0.0,2022-12-21 13:00:00
3687.7,62.0,29.0,29.0,0.0,0.0,28.84,0.0,2022-12-21 14:00:00
2749.53,63.0,29.0,28.0,0.0,0.0,28.83,0.0,2022-12-21 15:00:00
1122.09,65.0,29.0,26.0,5.0,0.0,28.81,0.0,2022-12-21 16:00:00
316.15,64.0,29.0,27.0,5.0,0.0,28.81,0.0,2022-12-21 17:00:00
24.86,60.0,31.0,33.0,5.0,0.0,28.82,0.0,2022-12-21 18:00:00
1.77,57.0,33.0,40.0,3.0,0.0,28.82,0.0,2022-12-21 19:00:00
1.72,56.0,31.0,39.0,0.0,0.0,28.84,0.0,2022-12-21 20:00:00
1.66,53.0,33.0,47.0,0.0,0.0,28.85,0.0,2022-12-21 21:00:00
1.78,51.0,33.0,50.0,5.0,0.0,28.87,0.0,2022-12-21 22:00:00
1.8,50.0,34.0,54.0,6.0,0.0,28.87,0.0,2022-12-21 23:00:00
1.82,47.0,34.0,61.0,7.0,0.0,28.86,0.0,2022-12-22 00:00:00
1.95,46.0,35.0,66.0,9.0,0.0,28.86,0.0,2022-12-22 01:00:00
2.05,45.0,35.0,68.0,8.0,0.0,28.86,0.0,2022-12-22 02:00:00
2.18,44.0,34.0,68.0,9.0,0.0,28.86,0.0,2022-12-22 03:00:00
2.09,43.0,33.0,68.0,7.0,0.0,28.86,0.0,2022-12-22 04:00:00
2.08,43.0,33.0,68.0,7.0,0.0,28.86,0.0,2022-12-22 05:00:00
2.23,43.0,32.0,65.0,7.0,0.0,28.86,0.0,2022-12-22 06:00:00
7.48,42.0,32.0,67.0,5.0,0.0,28.88,0.0,2022-12-22 07:00:00
254.66,41.0,32.0,70.0,5.0,0.0,28.9,0.0,2022-12-22 08:00:00
1505.93,48.0,32.0,54.0,0.0,0.0,28.92,0.0,2022-12-22 09:00:00
2783.31,52.0,32.0,47.0,3.0,0.0,28.93,0.0,2022-12-22 10:00:00
3489.89,57.0,32.0,39.0,5.0,0.0,28.93,0.0,2022-12-22 11:00:00
4055.78,59.0,30.0,33.0,5.0,0.0,28.91,0.0,2022-12-22 12:00:00
3899.92,61.0,32.0,34.0,0.0,0.0,28.87,0.0,2022-12-22 13:00:00
3564.77,64.0,31.0,29.0,3.0,0.0,28.85,0.0,2022-12-22 14:00:00
2327.33,64.0,31.0,29.0,0.0,0.0,28.84,0.0,2022-12-22 15:00:00
891.85,63.0,31.0,30.0,0.0,0.0,28.84,0.0,2022-12-22 16:00:00
255.6,63.0,32.0,31.0,3.0,0.0,28.84,0.0,2022-12-22 17:00:00
1.86,62.0,30.0,30.0,5.0,0.0,28.85,0.0,2022-12-22 18:00:00
1.74,62.0,31.0,31.0,5.0,0.0,28.86,0.0,2022-12-22 19:00:00
1.75,58.0,35.0,42.0,0.0,0.0,28.86,0.0,2022-12-22 20:00:00
1.8,57.0,35.0,44.0,0.0,0.0,28.87,0.0,2022-12-22 21:00:00
1.79,53.0,35.0,50.0,7.0,0.0,28.87,0.0,2022-12-22 22:00:00
1.87,52.0,35.0,53.0,6.0,0.0,28.88,0.0,2022-12-22 23:00:00
1.86,51.0,35.0,54.0,5.0,0.0,28.88,0.0,2022-12-23 00:00:00
1.92,50.0,35.0,57.0,5.0,0.0,28.88,0.0,2022-12-23 01:00:00
1.96,49.0,36.0,61.0,0.0,0.0,28.89,0.0,2022-12-23 02:00:00
2.2,48.0,35.0,61.0,5.0,0.0,28.89,0.0,2022-12-23 03:00:00
2.16,47.0,35.0,63.0,3.0,0.0,28.9,0.0,2022-12-23 04:00:00
2.03,46.0,35.0,66.0,6.0,0.0,28.88,0.0,2022-12-23 05:00:00
2.02,46.0,35.0,66.0,3.0,0.0,28.9,0.0,2022-12-23 06:00:00
5.92,47.0,34.0,61.0,7.0,0.0,28.9,0.0,2022-12-23 07:00:00
325.41,47.0,34.0,61.0,6.0,0.0,28.91,0.0,2022-12-23 08:00:00
999.92,48.0,34.0,58.0,9.0,0.0,28.93,0.0,2022-12-23 09:00:00
2634.16,51.0,35.0,54.0,7.0,0.0,28.95,0.0,2022-12-23 10:00:00
3287.76,57.0,33.0,40.0,3.0,0.0,28.96,0.0,2022-12-23 11:00:00
4026.94,61.0,33.0,35.0,3.0,0.0,28.93,0.0,2022-12-23 12:00:00
4007.24,63.0,32.0,31.0,5.0,0.0,28.91,0.0,2022-12-23 13:00:00
3592.77,65.0,31.0,28.0,0.0,0.0,28.87,0.0,2022-12-23 14:00:00
2692.43,66.0,30.0,26.0,0.0,0.0,28.86,0.0,2022-12-23 15:00:00
1129.1,67.0,29.0,24.0,3.0,0.0,28.87,0.0,2022-12-23 16:00:00
280.58,66.0,29.0,25.0,5.0,0.0,28.88,0.0,2022-12-23 17:00:00
30.73,61.0,34.0,36.0,5.0,0.0,28.89,0.0,2022-12-23 18:00:00
1.75,58.0,35.0,42.0,6.0,0.0,28.91,0.0,2022-12-23 19:00:00
1.83,57.0,34.0,42.0,3.0,0.0,28.92,0.0,2022-12-23 20:00:00
1.87,58.0,33.0,39.0,0.0,0.0,28.93,0.0,2022-12-23 21:00:00
1.84,56.0,34.0,44.0,0.0,0.0,28.94,0.0,2022-12-23 22:00:00
1.87,52.0,35.0,53.0,5.0,0.0,28.95,0.0,2022-12-23 23:00:00
1.82,51.0,35.0,54.0,5.0,0.0,28.96,0.0,2022-12-24 00:00:00
1.87,50.0,35.0,57.0,0.0,0.0,28.97,0.0,2022-12-24 01:00:00
2.02,49.0,35.0,59.0,5.0,0.0,28.97,0.0,2022-12-24 02:00:00
1.95,48.0,35.0,61.0,5.0,0.0,28.97,0.0,2022-12-24 03:00:00
2.05,47.0,35.0,63.0,5.0,0.0,28.98,0.0,2022-12-24 04:00:00
1.96,46.0,35.0,66.0,3.0,0.0,28.99,0.0,2022-12-24 05:00:00
1.96,47.0,35.0,63.0,0.0,0.0,28.99,0.0,2022-12-24 06:00:00
6.52,46.0,35.0,66.0,5.0,0.0,29.01,0.0,2022-12-24 07:00:00
239.52,45.0,34.0,65.0,3.0,0.0,29.03,0.0,2022-12-24 08:00:00
1478.8,48.0,35.0,61.0,6.0,0.0,29.05,0.0,2022-12-24 09:00:00
2734.71,57.0,32.0,39.0,9.0,0.0,29.08,0.0,2022-12-24 10:00:00
3461.93,58.0,31.0,36.0,5.0,0.0,29.07,0.0,2022-12-24 11:00:00
4052.12,62.0,31.0,31.0,3.0,0.0,29.05,0.0,2022-12-24 12:00:00
4021.88,65.0,31.0,28.0,0.0,0.0,29.02,0.0,2022-12-24 13:00:00
3617.3,66.0,30.0,26.0,3.0,0.0,28.99,0.0,2022-12-24 14:00:00
2724.24,68.0,31.0,25.0,6.0,0.0,28.99,0.0,2022-12-24 15:00:00
1128.27,70.0,31.0,24.0,7.0,0.0,28.98,0.0,2022-12-24 16:00:00
276.92,69.0,31.0,24.0,8.0,0.0,28.99,0.0,2022-12-24 17:00:00
13.56,66.0,32.0,28.0,5.0,0.0,28.97,0.0,2022-12-24 18:00:00
1.74,63.0,33.0,33.0,3.0,0.0,28.99,0.0,2022-12-24 19:00:00
1.74,63.0,32.0,31.0,7.0,0.0,28.99,0.0,2022-12-24 20:00:00
1.84,59.0,33.0,38.0,5.0,0.0,28.99,0.0,2022-12-24 21:00:00
1.86,56.0,35.0,45.0,0.0,0.0,29.0,0.0,2022-12-24 22:00:00
1.89,57.0,34.0,42.0,3.0,0.0,28.99,0.0,2022-12-24 23:00:00
1.96,53.0,36.0,52.0,0.0,0.0,29.0,0.0,2022-12-25 00:00:00
2.13,56.0,34.0,44.0,0.0,0.0,28.99,0.0,2022-12-25 01:00:00
2.06,53.0,34.0,48.0,0.0,0.0,28.99,0.0,2022-12-25 02:00:00
2.15,49.0,35.0,59.0,5.0,0.0,29.0,0.0,2022-12-25 03:00:00
2.09,49.0,35.0,59.0,0.0,0.0,29.0,0.0,2022-12-25 04:00:00
1.98,50.0,34.0,54.0,5.0,0.0,28.99,0.0,2022-12-25 05:00:00
2.16,47.0,35.0,63.0,0.0,0.0,29.01,0.0,2022-12-25 06:00:00
6.34,50.0,34.0,54.0,5.0,0.0,29.01,0.0,2022-12-25 07:00:00
359.76,53.0,31.0,43.0,8.0,0.0,29.01,0.0,2022-12-25 08:00:00
1347.65,55.0,33.0,43.0,3.0,0.0,29.02,0.0,2022-12-25 09:00:00
2704.16,60.0,34.0,38.0,5.0,0.0,29.03,0.0,2022-12-25 10:00:00
3502.19,64.0,34.0,33.0,5.0,0.0,29.04,0.0,2022-12-25 11:00:00
4092.62,66.0,33.0,29.0,0.0,0.0,29.01,0.0,2022-12-25 12:00:00
4123.6,68.0,33.0,27.0,5.0,0.0,28.98,0.0,2022-12-25 13:00:00
3658.76,71.0,32.0,24.0,0.0,0.0,28.94,0.0,2022-12-25 14:00:00
2769.08,73.0,32.0,22.0,5.0,0.0,28.93,0.0,2022-12-25 15:00:00
1150.37,73.0,31.0,21.0,3.0,0.0,28.93,0.0,2022-12-25 16:00:00
279.74,73.0,31.0,21.0,6.0,0.0,28.92,0.0,2022-12-25 17:00:00
14.78,69.0,31.0,24.0,5.0,0.0,28.92,0.0,2022-12-25 18:00:00
1.66,65.0,33.0,31.0,0.0,0.0,28.92,0.0,2022-12-25 19:00:00
1.72,62.0,34.0,35.0,5.0,0.0,28.93,0.0,2022-12-25 20:00:00
1.75,58.0,36.0,44.0,6.0,0.0,28.95,0.0,2022-12-25 21:00:00
1.81,62.0,33.0,34.0,0.0,0.0,28.95,0.0,2022-12-25 22:00:00
1.64,56.0,34.0,44.0,0.0,0.0,28.94,0.0,2022-12-25 23:00:00
1.77,55.0,36.0,49.0,6.0,0.0,28.94,0.0,2022-12-26 00:00:00
1.9,54.0,36.0,51.0,6.0,0.0,28.92,0.0,2022-12-26 01:00:00
2.12,51.0,36.0,56.0,3.0,0.0,28.92,0.0,2022-12-26 02:00:00
2.03,51.0,35.0,54.0,0.0,0.0,28.94,0.0,2022-12-26 03:00:00
1.97,51.0,35.0,54.0,0.0,0.0,28.94,0.0,2022-12-26 04:00:00
2.0,49.0,36.0,61.0,3.0,0.0,28.94,0.0,2022-12-26 05:00:00
1.98,48.0,36.0,63.0,0.0,0.0,28.94,0.0,2022-12-26 06:00:00
6.83,48.0,36.0,63.0,0.0,0.0,28.94,0.0,2022-12-26 07:00:00
229.2,47.0,36.0,66.0,3.0,0.0,28.95,0.0,2022-12-26 08:00:00
1459.67,53.0,36.0,52.0,6.0,0.0,28.95,0.0,2022-12-26 09:00:00
2749.84,56.0,36.0,47.0,7.0,0.0,28.96,0.0,2022-12-26 10:00:00
3500.06,61.0,35.0,38.0,9.0,0.0,28.96,0.0,2022-12-26 11:00:00
4072.58,65.0,34.0,32.0,10.0,0.0,28.93,0.0,2022-12-26 12:00:00
3900.4,69.0,34.0,27.0,3.0,0.0,28.9,0.0,2022-12-26 13:00:00
3576.45,72.0,34.0,25.0,3.0,0.0,28.89,0.0,2022-12-26 14:00:00
2417.36,72.0,32.0,23.0,0.0,0.0,28.88,0.0,2022-12-26 15:00:00
976.63,73.0,32.0,22.0,0.0,0.0,28.86,0.0,2022-12-26 16:00:00
258.36,72.0,35.0,26.0,3.0,0.0,28.86,0.0,2022-12-26 17:00:00
24.64,69.0,34.0,27.0,5.0,0.0,28.86,0.0,2022-12-26 18:00:00
1.73,62.0,37.0,39.0,0.0,0.0,28.86,0.0,2022-12-26 19:00:00
1.99,64.0,36.0,35.0,3.0,0.0,28.87,0.0,2022-12-26 20:00:00
1.82,60.0,39.0,46.0,0.0,0.0,28.87,0.0,2022-12-26 21:00:00
2.87,59.0,39.0,48.0,3.0,0.0,28.87,0.0,2022-12-26 22:00:00
2.51,58.0,39.0,49.0,0.0,0.0,28.88,0.0,2022-12-26 23:00:00
1.8,56.0,39.0,53.0,3.0,0.0,28.86,0.0,2022-12-27 00:00:00
1.81,55.0,39.0,55.0,6.0,0.0,28.86,0.0,2022-12-27 01:00:00
1.79,53.0,39.0,59.0,5.0,0.0,28.85,0.0,2022-12-27 02:00:00
1.83,53.0,39.0,59.0,7.0,0.0,28.86,0.0,2022-12-27 03:00:00
1.93,53.0,39.0,59.0,0.0,0.0,28.86,0.0,2022-12-27 04:00:00
1.9,51.0,38.0,61.0,8.0,0.0,28.84,0.0,2022-12-27 05:00:00
2.02,51.0,38.0,61.0,9.0,0.0,28.84,0.0,2022-12-27 06:00:00
6.28,50.0,38.0,63.0,8.0,0.0,28.84,0.0,2022-12-27 07:00:00
276.06,49.0,38.0,66.0,8.0,0.0,28.85,0.0,2022-12-27 08:00:00
649.88,53.0,38.0,57.0,7.0,0.0,28.85,0.0,2022-12-27 09:00:00
1052.54,56.0,37.0,49.0,9.0,0.0,28.85,0.0,2022-12-27 10:00:00
2185.71,60.0,36.0,41.0,3.0,0.0,28.85,0.0,2022-12-27 11:00:00
2653.9,65.0,35.0,33.0,7.0,0.0,28.81,0.0,2022-12-27 12:00:00
2742.81,68.0,35.0,30.0,6.0,0.0,28.78,0.0,2022-12-27 13:00:00
1957.61,70.0,35.0,28.0,0.0,0.0,28.75,0.0,2022-12-27 14:00:00
1705.92,70.0,33.0,26.0,0.0,0.0,28.72,0.0,2022-12-27 15:00:00
826.39,71.0,33.0,25.0,0.0,0.0,28.71,0.0,2022-12-27 16:00:00
200.73,70.0,33.0,26.0,3.0,0.0,28.7,0.0,2022-12-27 17:00:00
1.68,69.0,34.0,27.0,0.0,0.0,28.68,0.0,2022-12-27 18:00:00
1.27,68.0,35.0,30.0,0.0,0.0,28.68,0.0,2022-12-27 19:00:00
1.29,66.0,38.0,36.0,0.0,0.0,28.67,0.0,2022-12-27 20:00:00
1.4,65.0,39.0,39.0,0.0,0.0,28.66,0.0,2022-12-27 21:00:00
1.41,62.0,40.0,44.0,0.0,0.0,28.66,0.0,2022-12-27 22:00:00
1.34,62.0,40.0,44.0,0.0,0.0,28.64,0.0,2022-12-27 23:00:00
1.41,60.0,41.0,49.0,0.0,0.0,28.62,0.0,2022-12-28 00:00:00
3.01,62.0,39.0,43.0,10.0,0.0,28.59,0.0,2022-12-28 01:00:00
1.35,59.0,41.0,51.0,5.0,0.0,28.62,0.0,2022-12-28 02:00:00
1.69,59.0,41.0,51.0,5.0,0.0,28.6,0.0,2022-12-28 03:00:00
1.8,60.0,41.0,49.0,10.0,0.0,28.59,0.0,2022-12-28 04:00:00
1.51,59.0,42.0,53.0,16.0,0.0,28.63,0.0,2022-12-28 05:00:00
1.51,54.0,47.0,77.0,12.0,0.0,28.63,0.0,2022-12-28 06:00:00
1.49,53.0,48.0,83.0,6.0,0.0,28.64,0.1,2022-12-28 07:00:00
8.56,52.0,48.0,86.0,6.0,0.0,28.65,0.1,2022-12-28 08:00:00
45.19,52.0,48.0,86.0,5.0,0.0,28.66,0.2,2022-12-28 09:00:00
193.26,52.0,49.0,89.0,6.0,0.0,28.67,0.1,2022-12-28 10:00:00
346.52,53.0,50.0,89.0,5.0,0.0,28.69,0.1,2022-12-28 11:00:00
550.34,53.0,51.0,93.0,7.0,0.0,28.69,0.0,2022-12-28 12:00:00
461.71,53.0,51.0,93.0,7.0,0.0,28.67,0.0,2022-12-28 13:00:00
364.22,54.0,50.0,86.0,8.0,0.0,28.67,0.0,2022-12-28 14:00:00
294.77,54.0,51.0,90.0,7.0,0.0,28.67,0.0,2022-12-28 15:00:00
460.19,56.0,51.0,84.0,8.0,0.0,28.68,0.0,2022-12-28 16:00:00
102.56,57.0,51.0,81.0,7.0,0.0,28.68,0.0,2022-12-28 17:00:00
2.22,55.0,50.0,83.0,7.0,0.0,28.7,0.0,2022-12-28 18:00:00
2.03,55.0,50.0,83.0,7.0,0.0,28.72,0.0,2022-12-28 19:00:00
2.16,54.0,50.0,86.0,7.0,0.0,28.72,0.0,2022-12-28 20:00:00
2.2,54.0,50.0,86.0,0.0,0.0,28.74,0.0,2022-12-28 21:00:00
2.27,53.0,50.0,89.0,3.0,0.0,28.74,0.0,2022-12-28 22:00:00
2.19,52.0,49.0,89.0,7.0,0.0,28.75,0.0,2022-12-28 23:00:00
2.12,53.0,49.0,86.0,5.0,0.0,28.76,0.0,2022-12-29 00:00:00
2.12,52.0,49.0,89.0,5.0,0.0,28.75,0.0,2022-12-29 01:00:00
2.27,50.0,48.0,93.0,3.0,0.0,28.75,0.0,2022-12-29 02:00:00
2.37,50.0,46.0,86.0,8.0,0.0,28.74,0.0,2022-12-29 03:00:00
2.28,49.0,46.0,90.0,5.0,0.0,28.74,0.0,2022-12-29 04:00:00
2.61,48.0,45.0,89.0,5.0,0.0,28.74,0.0,2022-12-29 05:00:00
2.63,48.0,44.0,86.0,7.0,0.0,28.75,0.0,2022-12-29 06:00:00
6.74,48.0,44.0,86.0,7.0,0.0,28.77,0.0,2022-12-29 07:00:00
319.2,48.0,45.0,89.0,8.0,0.0,28.78,0.0,2022-12-29 08:00:00
644.55,51.0,46.0,83.0,6.0,0.0,28.78,0.0,2022-12-29 09:00:00
1151.59,53.0,45.0,74.0,7.0,0.0,28.8,0.0,2022-12-29 10:00:00
1531.82,56.0,46.0,69.0,7.0,0.0,28.8,0.0,2022-12-29 11:00:00
1993.77,58.0,45.0,62.0,7.0,0.0,28.78,0.0,2022-12-29 12:00:00
1464.06,60.0,46.0,60.0,7.0,0.0,28.75,0.0,2022-12-29 13:00:00
616.01,60.0,45.0,57.0,5.0,0.0,28.73,0.0,2022-12-29 14:00:00
969.02,61.0,45.0,56.0,0.0,0.0,28.73,0.0,2022-12-29 15:00:00
518.77,62.0,45.0,53.0,6.0,0.0,28.71,0.0,2022-12-29 16:00:00
30.2,61.0,46.0,58.0,5.0,0.0,28.71,0.0,2022-12-29 17:00:00
2.37,60.0,46.0,60.0,0.0,0.0,28.73,0.0,2022-12-29 18:00:00
2.31,61.0,45.0,56.0,7.0,0.0,28.75,0.0,2022-12-29 19:00:00
2.27,57.0,49.0,74.0,5.0,0.0,28.75,0.0,2022-12-29 20:00:00
2.26,57.0,49.0,74.0,0.0,0.0,28.76,0.0,2022-12-29 21:00:00
2.27,58.0,48.0,70.0,0.0,0.0,28.76,0.0,2022-12-29 22:00:00
2.34,57.0,49.0,74.0,0.0,0.0,28.79,0.0,2022-12-29 23:00:00
2.46,57.0,49.0,74.0,9.0,0.0,28.8,0.0,2022-12-30 00:00:00
2.54,56.0,50.0,80.0,0.0,0.0,28.79,0.0,2022-12-30 01:00:00
2.7,54.0,51.0,90.0,0.0,0.0,28.8,0.0,2022-12-30 02:00:00
2.67,54.0,51.0,90.0,0.0,0.0,28.81,0.0,2022-12-30 03:00:00
2.58,54.0,51.0,90.0,5.0,0.0,28.82,0.0,2022-12-30 04:00:00
2.67,53.0,50.0,89.0,5.0,0.0,28.82,0.0,2022-12-30 05:00:00
2.48,53.0,51.0,93.0,6.0,0.0,28.82,0.0,2022-12-30 06:00:00
5.21,53.0,50.0,89.0,8.0,0.0,28.83,0.0,2022-12-30 07:00:00
141.51,54.0,51.0,90.0,5.0,0.0,28.86,0.0,2022-12-30 08:00:00
338.79,55.0,52.0,89.0,5.0,0.0,28.87,0.0,2022-12-30 09:00:00
642.31,56.0,52.0,87.0,6.0,0.0,28.89,0.0,2022-12-30 10:00:00
750.55,58.0,52.0,81.0,8.0,0.0,28.89,0.0,2022-12-30 11:00:00
1045.93,56.0,53.0,90.0,3.0,0.0,28.89,0.0,2022-12-30 12:00:00
1279.32,56.0,51.0,84.0,0.0,0.0,28.86,0.0,2022-12-30 13:00:00
968.03,56.0,51.0,84.0,6.0,0.0,28.86,0.0,2022-12-30 14:00:00
592.57,58.0,52.0,81.0,5.0,0.0,28.84,0.0,2022-12-30 15:00:00
323.52,59.0,49.0,69.0,6.0,0.0,28.83,0.0,2022-12-30 16:00:00
46.6,59.0,49.0,69.0,5.0,0.0,28.83,0.0,2022-12-30 17:00:00
2.89,58.0,49.0,72.0,0.0,0.0,28.83,0.0,2022-12-30 18:00:00
2.59,59.0,48.0,67.0,5.0,0.0,28.84,0.0,2022-12-30 19:00:00
2.58,58.0,50.0,75.0,3.0,0.0,28.85,0.0,2022-12-30 20:00:00
2.52,58.0,50.0,75.0,0.0,0.0,28.86,0.0,2022-12-30 21:00:00
2.46,58.0,50.0,75.0,0.0,0.0,28.86,0.0,2022-12-30 22:00:00
2.45,55.0,49.0,80.0,3.0,0.0,28.87,0.0,2022-12-30 23:00:00
2.5,54.0,49.0,83.0,3.0,0.0,28.86,0.0,2022-12-31 00:00:00
2.55,54.0,49.0,83.0,3.0,0.0,28.85,0.0,2022-12-31 01:00:00
2.5,53.0,49.0,86.0,5.0,0.0,28.84,0.0,2022-12-31 02:00:00
2.52,51.0,48.0,89.0,6.0,0.0,28.84,0.0,2022-12-31 03:00:00
2.65,51.0,48.0,89.0,7.0,0.0,28.83,0.0,2022-12-31 04:00:00
2.67,51.0,47.0,86.0,0.0,0.0,28.82,0.0,2022-12-31 05:00:00
2.45,51.0,48.0,89.0,3.0,0.0,28.82,0.0,2022-12-31 06:00:00
6.25,51.0,47.0,86.0,7.0,0.0,28.83,0.0,2022-12-31 07:00:00
177.81,52.0,48.0,86.0,8.0,0.0,28.83,0.0,2022-12-31 08:00:00
651.94,53.0,49.0,86.0,8.0,0.0,28.83,0.0,2022-12-31 09:00:00
1262.14,56.0,49.0,77.0,6.0,0.0,28.85,0.0,2022-12-31 10:00:00
1247.11,59.0,49.0,69.0,7.0,0.0,28.85,0.0,2022-12-31 11:00:00
1809.99,60.0,48.0,64.0,7.0,0.0,28.83,0.0,2022-12-31 12:00:00
2384.05,63.0,49.0,60.0,7.0,0.0,28.79,0.0,2022-12-31 13:00:00
2230.06,65.0,50.0,58.0,5.0,0.0,28.77,0.0,2022-12-31 14:00:00
1807.14,66.0,49.0,54.0,3.0,0.0,28.75,0.0,2022-12-31 15:00:00
792.11,67.0,49.0,52.0,9.0,0.0,28.75,0.0,2022-12-31 16:00:00
163.72,66.0,49.0,54.0,8.0,0.0,28.74,0.0,2022-12-31 17:00:00
1.98,63.0,51.0,65.0,6.0,0.0,28.73,0.0,2022-12-31 18:00:00
1.66,62.0,50.0,65.0,7.0,0.0,28.73,0.0,2022-12-31 19:00:00
1.64,59.0,50.0,72.0,5.0,0.0,28.73,0.0,2022-12-31 20:00:00
1.71,59.0,50.0,72.0,3.0,0.0,28.72,0.0,2022-12-31 21:00:00
1.77,58.0,49.0,72.0,0.0,0.0,28.71,0.0,2022-12-31 22:00:00
1.85,57.0,50.0,77.0,5.0,0.0,28.7,0.0,2022-12-31 23:00:00
